sector,mac
Transport,52.44736376
Industry,13.26133658
Efficiency,-8.04523656
Power Supply,11.83310848