sector,mac
Transport,8.741227294
Industry,2.210222764
Efficiency,-1.34087276
Power Supply,1.072184746
